$k_{\rm{s}}$,$k_{\rm{c}}$,$h_{\rm{b}}$,$r_{\rm{b}}$,$l_{\rm{c}}$,$A$,$\omega$,$e_{\rm{v}}$
4.920051e-01,7.707446e-01,1.502000e-02,3.785858e-01,3.320217e-01,6.317642e-01,4.097106e-02,9.428333e-01
9.959096e-01,4.223421e-01,7.579197e-01,7.695976e-01,9.585947e-01,3.327067e-01,6.723228e-01,4.105053e-01
7.304138e-01,5.065687e-01,3.111946e-01,2.440308e-01,5.094647e-01,1.781919e-01,2.631917e-01,8.656976e-02
2.264938e-01,1.601469e-01,5.564755e-01,6.077640e-01,1.404637e-01,8.478235e-01,8.945434e-01,5.561835e-01
8.884184e-02,6.704230e-01,8.751642e-01,6.893064e-01,3.302106e-02,5.087413e-01,4.710622e-01,2.261399e-01
5.848647e-01,1.150190e-02,1.321657e-01,8.436230e-02,6.637761e-01,4.635596e-01,8.709681e-01,6.315789e-01
8.191869e-01,9.345883e-01,6.737199e-01,9.331713e-01,8.707128e-01,5.509088e-02,1.935136e-01,8.693948e-01
3.230265e-01,2.736845e-01,4.283404e-01,2.931360e-01,4.980185e-01,9.787201e-01,5.934195e-01,2.767908e-01
2.647178e-01,5.690453e-01,7.126626e-01,9.920262e-05,9.137370e-01,7.743319e-01,3.865468e-01,1.400270e-01
7.529818e-01,2.226246e-01,4.675037e-01,6.480736e-01,2.830124e-01,1.979613e-01,7.678980e-01,7.327220e-01
5.187512e-01,8.332068e-01,9.766105e-01,3.694564e-01,2.479507e-01,2.894926e-01,1.715265e-01,7.682517e-01
3.044174e-02,4.848035e-01,2.338330e-01,9.823316e-01,6.206146e-01,7.443108e-01,5.528778e-01,3.629036e-01
1.584292e-01,9.971257e-01,3.345273e-01,8.148516e-01,7.085250e-01,8.974160e-01,6.296008e-02,9.194493e-01
6.700625e-01,3.362236e-01,5.800292e-01,4.588124e-01,8.192149e-02,6.704741e-02,7.128665e-01,4.498655e-01
9.356497e-01,7.329459e-01,1.008567e-01,5.548124e-01,3.904264e-01,4.125326e-01,3.477129e-01,4.720957e-02
4.238488e-01,7.402459e-02,8.439770e-01,1.714865e-01,7.594580e-01,6.134752e-01,9.976193e-01,5.795674e-01
3.941671e-01,7.009997e-01,4.955471e-01,8.879534e-01,1.695787e-01,1.106953e-01,6.510091e-01,6.966705e-03
9.060025e-01,1.021372e-01,7.461464e-01,2.763414e-01,5.427346e-01,9.092035e-01,3.063475e-03,5.996698e-01
6.401413e-01,9.671220e-01,1.979680e-01,7.412545e-01,9.921051e-01,5.642123e-01,9.363572e-01,9.013135e-01
1.285349e-01,3.701830e-01,9.509483e-01,9.442889e-02,3.608962e-01,3.941535e-01,2.884116e-01,4.959582e-01
6.107310e-02,8.656601e-01,6.135057e-01,2.023385e-01,4.683044e-01,2.492841e-01,8.291333e-01,7.868858e-01
5.494019e-01,4.562222e-01,3.625780e-01,5.864689e-01,8.378281e-01,7.940386e-01,4.458366e-01,3.172949e-01
7.838450e-01,5.995195e-01,8.183077e-01,4.272198e-01,6.306432e-01,7.029975e-01,6.147389e-01,1.797745e-01
2.956233e-01,1.881563e-01,6.499875e-02,7.839489e-01,3.555200e-03,2.788189e-01,2.314422e-01,7.121405e-01
3.548683e-01,9.046594e-01,7.947614e-01,5.145964e-01,5.878367e-01,4.837545e-01,8.051933e-01,8.254067e-01
8.510628e-01,3.077220e-01,4.165869e-02,1.496916e-01,2.183436e-01,5.595758e-01,4.072482e-01,2.930716e-01
6.164672e-01,6.385227e-01,5.274554e-01,8.639929e-01,2.536535e-01,9.685347e-01,5.282701e-01,2.039977e-01
1.204709e-01,3.965988e-02,2.767343e-01,4.716799e-01,8.807109e-01,1.328929e-02,1.303249e-01,6.736196e-01
1.936490e-01,5.369961e-01,1.588117e-01,3.247077e-01,7.928349e-01,3.449826e-01,7.374836e-01,1.091930e-01
6.975878e-01,1.256340e-01,9.119986e-01,9.640912e-01,4.196484e-01,6.749239e-01,1.041864e-01,5.146402e-01
9.632963e-01,8.031222e-01,3.938872e-01,5.350072e-02,1.109029e-01,8.299327e-01,9.602991e-01,9.863430e-01
4.594336e-01,3.936837e-01,6.446928e-01,6.576633e-01,7.421424e-01,1.284408e-01,3.270019e-01,3.937319e-01
4.475674e-01,5.161245e-01,9.983944e-01,8.015173e-01,4.722700e-01,2.223335e-02,9.105928e-01,3.084373e-01
9.436665e-01,1.775154e-01,2.433105e-01,4.096467e-01,8.496021e-01,9.419878e-01,3.104982e-01,8.388497e-01
7.094066e-01,7.529489e-01,7.027119e-01,5.766915e-01,6.814837e-01,5.374702e-01,6.250162e-01,6.621297e-01
2.133225e-01,4.123590e-01,4.462234e-01,2.121072e-01,6.220421e-02,4.882916e-01,2.492162e-02,1.944914e-01
1.009766e-01,9.172350e-01,1.104181e-01,1.159154e-01,1.423017e-01,1.492695e-01,6.092224e-01,5.246043e-01
6.049574e-01,2.641444e-01,8.656466e-01,7.197575e-01,5.232665e-01,8.227777e-01,2.405746e-01,1.172954e-01
8.703913e-01,6.803904e-01,3.133311e-01,2.626736e-01,9.492031e-01,6.643099e-01,8.239071e-01,3.797701e-01
3.665476e-01,2.928249e-02,5.699640e-01,9.016145e-01,3.258030e-01,3.692511e-01,4.552593e-01,9.744258e-01
2.993661e-01,8.154877e-01,2.900325e-01,6.791422e-01,7.732445e-01,3.835568e-01,5.061828e-01,6.110986e-01
8.111062e-01,4.748967e-01,5.463990e-01,3.202664e-02,3.922491e-01,5.884981e-01,1.560897e-01,1.653390e-02
5.455806e-01,5.786469e-01,2.462352e-02,9.504157e-01,7.568756e-02,9.300303e-01,7.833348e-01,4.805316e-01
3.388656e-02,2.400386e-01,7.795852e-01,3.383918e-01,6.991182e-01,1.035384e-01,4.332417e-01,8.879315e-01
1.559008e-01,7.428684e-01,6.637733e-01,4.892711e-01,5.994885e-01,2.567037e-01,9.511670e-01,3.311957e-01
6.442715e-01,9.175884e-02,4.070180e-01,8.464122e-01,2.221870e-01,7.075250e-01,3.325178e-01,7.988639e-01
8.784400e-01,9.796966e-01,8.969594e-01,1.399372e-01,3.121803e-01,8.030074e-01,7.280615e-01,7.021155e-01
3.902373e-01,3.266063e-01,1.416091e-01,5.243575e-01,9.314293e-01,2.227619e-01,1.094123e-01,1.717330e-01
4.201648e-01,9.457327e-01,5.100510e-01,3.067957e-01,2.905957e-02,7.201671e-01,2.725983e-01,7.436626e-01
9.083258e-01,3.566069e-01,2.629078e-01,9.195030e-01,6.519981e-01,2.999854e-01,8.893021e-01,1.491059e-01
6.739427e-01,7.147589e-01,8.081146e-01,6.286766e-02,8.198763e-01,2.049932e-01,5.011866e-02,3.479653e-01
1.855530e-01,1.237096e-01,5.956692e-02,7.107963e-01,4.393654e-01,7.536225e-01,6.668224e-01,7.553580e-01
3.016545e-03,6.131112e-01,3.798853e-01,6.175341e-01,3.593023e-01,6.088150e-01,2.153871e-01,4.642546e-01
5.146842e-01,2.095607e-01,6.274332e-01,2.342540e-01,9.780592e-01,4.347575e-01,5.674410e-01,9.319157e-01
7.804850e-01,8.440725e-01,1.765443e-01,7.520221e-01,5.523704e-01,9.371925e-02,4.931345e-01,5.690542e-01
2.687108e-01,4.424475e-01,9.254969e-01,3.961508e-01,1.755532e-01,8.883508e-01,8.451884e-01,3.867984e-02
3.349521e-01,6.522369e-01,2.157577e-01,1.812490e-01,7.281117e-01,8.744668e-01,1.767682e-01,4.253827e-01
8.387536e-01,6.118590e-02,9.644277e-01,5.450585e-01,1.093243e-01,1.690982e-01,5.434705e-01,9.557879e-01
5.731052e-01,8.831944e-01,4.815950e-01,4.412293e-01,4.256382e-01,3.280600e-01,3.920477e-01,5.451820e-01
6.910516e-02,2.940688e-01,7.288599e-01,8.324395e-01,8.024858e-01,6.540025e-01,7.587500e-01,7.755177e-02
2.459292e-01,7.816113e-01,8.316878e-01,9.960141e-01,9.020811e-01,9.857577e-01,3.736907e-01,6.420313e-01
7.419863e-01,3.799850e-01,8.285724e-02,3.557805e-01,2.791731e-01,3.438708e-02,9.757460e-01,2.347305e-01
9.765222e-01,5.506337e-01,5.961202e-01,6.266018e-01,1.894198e-01,4.393949e-01,8.873945e-02,2.623408e-01
4.803885e-01,1.470839e-01,3.486945e-01,2.158144e-02,5.699003e-01,5.192131e-01,6.907948e-01,8.569893e-01
4.726182e-01,6.779439e-01,5.889522e-01,5.316600e-01,8.533650e-01,9.026032e-01,6.240342e-01,7.656128e-01
9.842896e-01,1.899171e-02,3.402528e-01,1.795116e-01,4.841162e-01,7.626395e-02,2.251125e-01,3.582205e-01
7.498463e-01,9.118082e-01,8.543659e-01,8.380268e-01,5.037261e-02,4.188185e-01,8.393120e-01,1.427590e-01
2.380683e-01,2.509363e-01,1.070693e-01,4.507796e-01,6.776745e-01,6.235462e-01,4.403903e-01,7.373159e-01
7.702431e-02,7.632280e-01,4.573829e-01,3.457987e-01,5.273046e-01,7.679225e-01,9.264245e-01,4.405184e-02
5.651891e-01,4.148554e-01,7.061818e-01,9.898819e-01,1.538737e-01,1.875245e-01,2.941039e-01,5.744266e-01
8.310499e-01,5.293437e-01,2.241994e-01,2.374942e-02,3.141855e-01,2.839376e-01,6.414754e-01,9.226390e-01
3.426565e-01,1.828928e-01,9.715957e-01,6.405463e-01,9.451807e-01,7.349726e-01,9.154752e-03,4.549783e-01
2.765660e-01,9.743469e-01,1.383785e-01,9.100133e-01,4.038671e-01,5.022098e-01,9.659592e-01,6.827509e-02
7.726270e-01,3.134738e-01,8.855530e-01,3.011479e-01,7.772674e-01,4.532449e-01,3.170370e-01,5.359057e-01
5.069186e-01,7.404665e-01,4.340657e-01,7.124722e-01,6.950806e-01,4.965805e-02,7.434774e-01,9.611599e-01
1.078109e-02,8.151504e-02,6.826431e-01,7.632768e-02,6.411595e-02,9.692599e-01,9.455524e-02,4.307550e-01
1.778466e-01,5.918216e-01,7.529047e-01,2.203710e-01,2.340181e-01,6.370736e-01,5.220265e-01,8.506423e-01
6.816518e-01,2.453690e-01,5.386553e-03,6.153046e-01,6.032973e-01,3.418012e-01,1.397063e-01,2.559941e-01
9.162478e-01,8.256898e-01,5.499949e-01,4.022225e-01,9.276659e-01,1.843557e-01,7.997755e-01,2.449853e-01
4.122440e-01,4.773174e-01,3.010736e-01,7.620645e-01,3.003336e-01,8.580166e-01,4.174553e-01,6.522864e-01
3.823497e-01,8.582540e-01,9.209273e-01,4.542209e-02,6.479643e-01,3.554198e-01,1.995416e-01,2.008385e-01
8.863266e-01,4.488463e-01,1.645314e-01,6.808843e-01,1.748418e-02,6.813318e-01,5.838225e-01,6.684763e-01
6.520047e-01,6.224280e-01,6.550874e-01,3.328091e-01,4.509872e-01,8.392713e-01,4.766958e-01,8.285950e-01
1.481648e-01,2.110357e-01,4.000941e-01,9.408625e-01,8.238954e-01,1.339943e-01,8.609767e-01,2.981820e-01
4.168652e-02,7.084023e-01,3.154745e-02,8.563894e-01,9.742996e-01,4.745384e-01,2.578080e-01,9.837026e-01
5.377818e-01,1.095088e-01,7.882711e-01,4.954064e-01,3.474518e-01,5.543871e-01,9.047847e-01,3.890464e-01
8.032776e-01,9.442160e-01,2.671102e-01,5.221924e-01,1.873881e-01,9.584642e-01,3.470085e-02,1.119235e-01
3.071974e-01,3.473090e-01,5.224310e-01,1.259881e-01,5.561753e-01,7.001941e-03,6.816776e-01,5.192318e-01
3.742855e-01,5.599059e-01,3.687851e-01,4.191393e-01,9.748893e-02,2.401901e-01,3.578571e-01,8.825596e-01
8.626525e-01,1.485119e-01,6.239002e-01,8.071605e-01,7.243062e-01,7.887278e-01,9.921385e-01,4.751592e-01
5.970650e-01,7.957158e-01,7.071833e-02,2.104267e-01,8.062449e-01,6.928049e-01,7.228215e-02,2.581070e-02
1.088661e-01,3.863083e-01,8.272366e-01,5.632346e-01,4.374883e-01,2.726537e-01,7.065636e-01,6.203748e-01
2.054968e-01,8.817547e-01,7.411219e-01,7.336451e-01,2.675518e-01,1.210104e-01,1.619583e-01,1.614783e-01
7.172331e-01,2.848465e-01,4.859232e-01,1.181419e-01,8.980625e-01,9.157335e-01,5.589346e-01,6.918602e-01
9.514636e-01,6.459249e-01,9.444581e-01,8.955398e-01,5.739345e-01,5.736730e-01,3.766409e-01,8.052111e-01
4.397733e-01,4.703209e-02,1.878565e-01,2.526359e-01,2.009957e-01,3.995849e-01,7.736171e-01,3.375422e-01
4.671982e-01,9.253314e-01,4.161843e-01,1.474627e-01,9.626437e-01,2.621361e-01,4.868353e-01,4.857031e-01
9.555308e-01,2.722718e-01,6.692554e-01,5.007131e-01,3.436123e-01,7.169848e-01,8.545141e-01,8.910587e-01
6.897297e-01,6.563033e-01,1.522392e-01,4.817228e-01,1.288572e-01,8.095384e-01,2.099104e-01,6.060164e-01
2.015041e-01,5.163400e-03,9.029309e-01,8.700644e-01,5.054609e-01,2.330762e-01,5.775892e-01,1.331369e-02
1.125498e-01,5.080237e-01,5.365231e-01,9.584427e-01,6.675509e-01,3.773925e-01,5.584146e-02,7.067681e-01
6.243891e-01,1.693845e-01,2.833068e-01,3.152184e-01,4.488687e-02,5.783045e-01,6.569202e-01,1.744025e-01
8.587722e-01,7.770414e-01,7.701988e-01,6.711227e-01,4.861988e-01,9.247205e-01,2.786590e-01,3.265712e-01
3.471620e-01,4.364806e-01,1.936153e-02,5.517701e-02,8.669231e-01,9.444347e-02,8.797378e-01,7.961625e-01
2.877623e-01,7.187797e-01,8.716179e-01,2.702085e-01,2.948325e-01,1.429831e-01,7.874410e-02,6.828959e-01
7.917049e-01,6.764102e-02,1.210484e-01,8.779719e-01,9.175272e-01,8.127062e-01,6.964244e-01,2.132744e-01
5.571694e-01,9.877937e-01,5.754463e-01,1.083727e-01,6.168402e-01,6.591222e-01,3.640901e-01,2.876993e-01
5.330283e-02,3.347333e-01,3.224972e-01,7.434229e-01,2.360854e-01,3.600341e-01,9.817704e-01,8.200348e-01
1.362395e-01,8.395787e-01,2.380487e-01,5.847320e-01,9.352754e-02,2.778780e-02,4.013986e-01,4.000785e-01
6.324378e-01,4.990195e-01,9.890077e-01,1.889397e-01,7.125283e-01,9.513255e-01,7.524759e-01,9.926900e-01
8.980862e-01,5.705467e-01,4.394975e-01,7.934998e-01,7.554085e-01,5.438791e-01,1.870059e-01,5.043851e-01
4.020860e-01,2.319073e-01,6.928362e-01,4.328067e-01,3.788353e-01,4.987279e-01,5.380832e-01,9.893823e-02
4.317383e-01,6.048845e-01,9.203311e-02,6.502997e-01,5.389565e-01,9.959499e-01,8.142796e-01,5.498370e-01
9.277574e-01,2.013040e-01,8.371604e-01,1.398742e-02,1.577172e-01,4.055185e-02,4.612568e-01,8.022265e-02
6.623236e-01,8.680467e-01,3.593340e-01,9.722935e-01,3.727125e-01,4.484884e-01,5.992615e-01,4.207606e-01
1.661671e-01,4.664508e-01,6.020822e-01,3.633823e-01,9.958992e-01,5.245234e-01,2.462387e-01,9.530879e-01
2.264750e-02,9.539626e-01,9.545575e-01,4.644560e-01,8.337748e-01,8.650056e-01,6.352270e-01,2.675146e-01
5.265481e-01,3.648679e-01,2.090262e-01,8.243437e-01,4.567171e-01,1.636663e-01,1.950745e-02,8.601179e-01
7.608085e-01,6.907824e-01,7.194792e-01,1.580298e-01,1.515741e-02,3.177443e-01,9.199781e-01,6.369514e-01
2.568923e-01,9.970114e-02,4.763273e-01,5.531313e-01,6.346503e-01,6.474720e-01,3.042586e-01,2.315117e-01
3.152905e-01,8.055840e-01,6.333950e-01,7.757333e-01,2.067409e-01,5.994759e-01,7.226113e-01,3.682761e-01
8.269200e-01,4.039897e-01,3.905251e-01,3.885624e-01,5.838291e-01,4.292035e-01,1.195871e-01,7.736236e-01
5.927513e-01,5.424076e-01,9.309697e-01,5.938152e-01,8.847637e-01,8.328153e-02,9.448336e-01,7.234458e-01
8.095426e-02,1.388268e-01,1.857200e-01,2.418652e-01,2.652403e-01,8.819424e-01,3.418094e-01,1.307502e-01
2.343253e-01,6.282588e-01,2.576402e-01,8.610398e-02,4.078325e-01,7.302372e-01,7.894222e-01,5.898227e-01
7.225854e-01,3.717881e-02,5.006701e-01,7.027025e-01,7.890413e-01,3.062723e-01,4.237040e-01,5.746427e-02
9.881106e-01,8.914248e-01,5.283532e-02,2.835824e-01,7.459211e-01,2.142088e-01,5.118714e-01,4.435190e-01
4.998049e-01,3.023294e-01,7.982446e-01,9.275893e-01,1.227648e-01,7.588107e-01,1.461533e-01,9.131022e-01
4.960294e-01,5.855103e-01,2.721395e-01,3.722705e-01,6.742236e-01,4.871177e-01,9.465816e-01,8.124700e-01
9.921293e-01,2.371387e-01,5.174209e-01,9.790608e-01,5.079279e-02,5.318102e-01,3.289094e-01,3.426120e-01
7.263740e-01,8.164974e-01,3.846392e-02,7.311812e-03,4.767296e-01,9.397744e-01,7.316700e-01,1.583693e-01
2.302896e-01,4.700456e-01,7.813660e-01,6.413809e-01,8.577247e-01,1.565596e-02,1.139977e-01,6.904530e-01
8.474090e-02,9.806415e-01,6.502755e-01,5.617905e-01,9.377845e-01,3.718899e-01,5.028338e-01,2.843864e-02
5.887214e-01,3.216904e-01,4.048946e-01,1.650261e-01,3.185358e-01,6.704582e-01,1.517637e-01,6.212867e-01
8.231502e-01,7.496745e-01,9.142208e-01,8.174392e-01,1.504172e-01,8.245028e-01,7.876609e-01,8.757808e-01
3.193073e-01,8.880173e-02,1.712189e-01,4.557660e-01,5.277190e-01,1.543820e-01,4.365907e-01,4.705857e-01
2.531022e-01,7.540201e-01,9.375568e-01,2.485563e-01,6.854431e-02,1.062381e-01,6.048969e-01,1.151621e-01
7.648416e-01,4.075685e-01,1.947769e-01,6.027796e-01,6.878236e-01,9.361175e-01,2.372251e-01,5.202660e-01
5.303213e-01,5.230493e-01,7.361080e-01,3.796893e-01,7.778171e-01,5.901621e-01,8.272566e-01,9.768015e-01
1.862748e-02,1.746761e-01,4.909485e-01,7.690119e-01,4.004848e-01,3.887303e-01,4.595848e-01,3.838623e-01
1.699383e-01,6.871359e-01,7.740997e-02,9.345398e-01,3.008928e-01,2.215271e-01,9.069839e-01,8.349998e-01
6.583093e-01,2.626388e-02,8.205335e-01,2.922874e-01,9.242932e-01,7.974085e-01,3.059133e-01,3.028859e-01
9.239730e-01,9.181193e-01,3.735814e-01,6.940888e-01,6.077314e-01,7.053727e-01,6.296011e-01,1.980954e-01
4.357696e-01,2.591670e-01,6.190848e-01,7.912320e-02,2.267667e-01,2.500653e-01,2.853049e-02,6.679232e-01
4.058821e-01,8.901245e-01,2.214143e-01,8.631446e-01,8.244509e-01,7.553475e-01,3.692431e-01,2.477282e-01
8.940433e-01,2.912319e-01,9.743922e-01,4.730481e-01,4.476030e-01,2.101057e-01,9.722745e-01,6.528392e-01
6.286554e-01,6.533019e-01,4.564925e-01,5.093571e-01,2.191439e-02,3.026241e-01,9.221103e-02,8.442378e-01
1.402650e-01,5.639393e-02,7.070913e-01,1.544742e-01,6.407016e-01,7.263153e-01,6.952424e-01,2.512905e-01
4.952612e-02,5.515194e-01,8.573609e-01,4.851667e-02,5.606151e-01,8.861375e-01,1.735255e-01,9.680608e-01
5.611930e-01,1.421126e-01,1.040553e-01,6.621885e-01,1.801349e-01,8.714193e-02,5.392518e-01,4.359389e-01
7.954991e-01,7.883545e-01,5.900599e-01,3.241217e-01,3.480130e-01,4.335837e-01,3.962665e-01,6.503672e-02
2.837251e-01,3.769612e-01,3.391336e-01,9.651948e-01,9.709212e-01,6.031551e-01,7.619927e-01,5.348717e-01
3.509429e-01,7.157634e-01,5.509002e-01,7.347939e-01,4.300959e-01,6.518502e-01,2.111679e-01,9.294181e-01
8.547441e-01,1.188561e-01,3.001797e-01,1.014072e-01,8.106066e-01,3.214215e-01,5.641988e-01,4.595520e-01
6.205908e-01,9.526022e-01,7.557053e-01,8.849072e-01,7.208535e-01,1.678633e-01,4.963767e-01,4.142365e-02
1.165914e-01,3.537084e-01,2.604979e-03,2.789288e-01,9.791478e-02,8.688678e-01,8.494076e-01,5.735145e-01
1.977116e-01,8.508772e-01,4.329428e-01,4.239489e-01,1.975335e-01,5.208772e-01,2.691272e-01,1.458683e-01
6.937694e-01,4.394841e-01,6.837469e-01,7.867631e-01,5.743508e-01,4.445685e-01,8.848540e-01,7.387234e-01
9.593098e-01,6.140585e-01,1.353682e-01,1.956460e-01,8.906644e-01,3.708682e-02,5.456679e-02,7.583536e-01
4.631759e-01,2.046500e-01,8.885519e-01,5.936812e-01,2.719078e-01,9.918449e-01,6.702935e-01,3.531504e-01
4.437869e-01,8.302497e-01,7.261420e-01,9.476299e-01,5.019547e-01,8.465867e-01,6.717895e-02,4.388153e-01
9.476911e-01,4.916096e-01,4.696531e-01,3.416972e-01,1.292907e-01,1.725911e-01,7.161093e-01,9.066976e-01
7.132021e-01,5.641293e-01,9.593255e-01,6.719654e-01,3.362276e-01,3.305563e-01,3.444701e-01,5.903755e-01
2.092828e-01,2.235695e-01,2.042392e-01,3.874650e-02,9.669519e-01,6.251278e-01,9.934004e-01,6.020717e-02
1.048332e-01,7.280948e-01,3.524005e-01,1.329844e-01,8.595480e-01,9.814217e-01,3.900185e-01,7.224118e-01
6.008568e-01,7.503430e-02,6.090348e-01,5.308517e-01,4.905166e-01,6.117996e-02,7.723458e-01,1.275119e-01
8.666718e-01,9.942258e-01,8.698656e-02,4.867164e-01,4.138644e-02,4.652217e-01,1.670788e-01,3.734599e-01
3.705112e-01,3.430870e-01,8.422184e-01,8.494849e-01,6.679902e-01,5.139129e-01,5.494061e-01,7.805245e-01
3.112261e-01,5.015912e-01,4.805222e-02,5.721990e-01,2.405690e-01,7.469514e-01,4.755104e-01,6.360394e-01
7.994903e-01,1.610312e-01,8.030163e-01,2.171177e-01,6.095698e-01,2.956427e-01,8.744393e-01,2.288835e-01
5.337667e-01,7.677260e-01,2.509621e-01,8.004391e-01,9.180750e-01,1.996845e-01,1.900424e-01,2.720883e-01
4.545647e-02,4.290876e-01,5.073291e-01,4.102662e-01,2.915018e-01,7.794426e-01,5.889713e-01,8.668970e-01
1.441478e-01,9.317490e-01,9.360311e-01,2.613409e-01,3.793736e-01,6.122994e-01,4.421337e-02,4.156905e-01
6.557803e-01,2.806094e-01,1.806776e-01,9.024903e-01,7.520682e-01,4.068707e-01,6.765421e-01,9.458287e-01
8.903610e-01,6.656325e-01,6.403441e-01,1.111612e-01,7.170062e-01,6.483591e-02,2.589723e-01,5.512444e-01
3.785604e-01,1.257311e-02,3.835874e-01,7.250314e-01,8.625140e-02,8.908405e-01,8.913010e-01,8.333195e-02
4.082059e-01,6.354988e-01,7.690432e-01,4.421049e-01,9.964413e-01,3.958156e-01,7.418098e-01,5.029778e-01
9.200406e-01,4.640307e-02,2.049802e-02,8.311070e-01,3.693836e-01,5.693840e-01,1.075356e-01,9.582917e-02
6.856730e-01,8.996881e-01,5.334806e-01,1.865231e-01,1.621989e-01,9.119052e-01,9.569500e-01,4.051483e-01
1.740669e-01,3.086078e-01,2.863379e-01,5.403040e-01,5.316918e-01,1.167844e-01,3.226757e-01,9.999490e-01
1.480793e-02,7.983302e-01,1.531162e-01,6.316122e-01,6.391225e-01,2.766685e-01,8.088018e-01,2.831258e-01
5.031370e-01,3.947487e-01,9.020654e-01,1.708907e-02,7.883222e-03,6.963610e-01,4.118337e-01,8.132559e-01
7.685870e-01,5.341592e-01,4.189561e-01,9.966340e-01,4.572535e-01,7.928017e-01,5.236845e-01,6.838077e-01
2.803645e-01,1.325641e-01,6.665026e-01,3.547021e-01,8.304402e-01,2.436833e-01,1.267164e-01,2.159024e-01
3.386331e-01,9.622113e-01,4.425251e-01,6.936215e-02,2.578613e-01,1.107786e-02,8.337184e-01,3.213871e-01
8.348283e-01,3.711303e-01,6.897895e-01,7.038432e-01,8.890701e-01,9.619593e-01,4.494456e-01,7.892613e-01
5.692256e-01,6.980364e-01,2.391887e-01,3.098682e-01,5.803249e-01,5.584001e-01,6.111299e-01,7.078023e-01
7.322900e-02,1.089419e-01,9.878564e-01,9.169485e-01,2.071686e-01,4.780927e-01,2.268571e-01,1.776411e-01
2.421105e-01,5.966211e-01,5.726896e-01,7.553279e-01,1.192702e-01,1.301639e-01,6.543587e-01,6.054634e-01
7.460491e-01,1.950258e-01,3.252653e-01,3.933647e-01,7.463584e-01,8.350433e-01,7.389174e-03,1.057055e-02
9.802643e-01,8.608066e-01,8.707563e-01,6.242538e-01,7.816680e-01,6.775645e-01,9.320316e-01,4.904070e-01
4.764023e-01,4.572267e-01,1.219290e-01,2.270774e-01,4.121446e-01,3.511326e-01,2.850620e-01,8.974635e-01
4.841653e-01,9.888649e-01,8.152947e-01,7.177313e-01,1.330655e-01,2.269585e-01,4.059837e-01,9.896965e-01
9.724982e-01,3.299428e-01,6.800039e-02,7.158818e-02,5.138206e-01,8.068692e-01,7.560849e-01,3.948952e-01
7.381925e-01,7.257046e-01,6.123818e-01,9.108743e-01,9.551323e-01,7.119028e-01,1.833969e-01,1.021779e-01
2.499662e-01,6.480170e-02,3.636829e-01,2.998300e-01,3.324379e-01,2.603805e-01,5.334981e-01,5.093260e-01
6.530949e-02,5.772923e-01,2.007711e-01,4.028569e-01,4.945656e-01,1.000729e-01,8.209369e-02,2.105326e-01
5.771480e-01,2.288887e-01,9.481642e-01,7.609715e-01,8.711386e-01,9.259249e-01,7.007501e-01,6.784374e-01
8.425361e-01,8.404630e-01,4.964537e-01,2.253964e-01,6.563837e-01,5.848513e-01,3.597644e-01,8.225344e-01
3.309262e-01,4.940420e-01,7.452512e-01,6.107972e-01,3.738261e-02,3.796363e-01,9.784208e-01,2.924037e-01
2.725032e-01,6.631666e-01,3.949958e-01,8.410838e-01,6.211759e-01,3.656025e-01,6.016761e-02,1.869195e-01
7.764456e-01,2.263505e-03,6.435727e-01,4.482406e-01,2.445724e-01,6.603876e-01,6.602693e-01,7.170801e-01
5.109048e-01,9.263411e-01,1.618096e-01,5.381385e-01,2.874523e-01,8.193141e-01,2.753099e-01,7.838916e-01
7.038977e-03,2.674206e-01,9.089816e-01,1.725745e-01,9.064839e-01,1.451660e-01,8.754116e-01,3.160168e-01
1.817718e-01,7.779863e-01,5.265644e-01,3.048507e-02,7.638884e-01,4.926712e-01,4.904438e-01,9.038123e-01
6.779708e-01,4.315646e-01,2.776444e-01,6.333537e-01,3.831638e-01,5.411488e-01,8.590997e-01,4.967552e-01
9.121240e-01,5.148298e-01,7.919731e-01,3.491199e-01,8.247704e-02,9.461824e-01,2.053248e-01,3.180029e-04
4.161236e-01,1.664274e-01,4.445839e-02,9.870802e-01,7.051409e-01,2.609319e-02,5.739807e-01,5.952102e-01
3.864503e-01,5.434120e-01,6.785176e-01,2.032344e-01,3.653303e-01,5.310703e-01,7.938704e-01,5.385851e-02
8.824700e-01,1.339733e-01,4.235237e-01,5.699699e-01,9.848540e-01,4.507323e-01,4.271752e-01,5.840272e-01
6.480411e-01,8.124535e-01,8.818584e-01,4.163375e-01,5.432941e-01,4.618131e-02,5.084002e-01,9.169503e-01
1.518843e-01,4.010913e-01,1.254601e-01,8.104819e-01,1.662061e-01,9.971543e-01,1.417051e-01,4.490683e-01
3.766187e-02,8.982296e-01,3.061796e-01,8.930010e-01,4.105078e-03,6.423900e-01,7.258536e-01,7.712462e-01
5.415623e-01,2.993661e-01,5.615019e-01,2.556926e-01,6.272610e-01,3.159887e-01,1.238064e-01,3.641819e-01
8.073173e-01,6.292061e-01,8.115932e-03,7.267078e-01,8.422565e-01,1.575486e-01,9.406142e-01,1.328817e-01
3.034019e-01,3.226809e-02,7.648428e-01,1.246206e-01,4.610475e-01,8.623363e-01,3.385670e-01,7.277820e-01
3.627767e-01,8.749768e-01,9.414697e-02,3.317159e-01,8.772543e-01,8.767993e-01,6.394459e-01,8.722668e-01
8.744055e-01,4.636139e-01,8.506677e-01,9.414970e-01,2.540678e-01,8.158700e-02,2.275026e-02,2.774584e-01
6.087419e-01,6.059495e-01,3.297147e-01,4.091500e-02,2.109473e-01,4.231469e-01,9.167353e-01,2.196052e-01
9.694506e-02,1.965120e-01,5.848303e-01,6.859094e-01,5.921868e-01,5.967457e-01,3.000397e-01,6.267614e-01
2.171127e-01,6.916681e-01,9.835300e-01,5.174527e-01,7.347556e-01,7.654186e-01,8.177513e-01,9.358462e-02
7.053731e-01,9.472988e-02,2.269250e-01,1.312474e-01,1.152626e-01,2.163916e-01,4.657045e-01,5.614975e-01
9.398937e-01,9.607058e-01,7.176927e-01,8.550717e-01,4.161975e-01,3.118406e-01,5.948137e-01,9.394801e-01
4.515873e-01,3.618440e-01,4.624926e-01,4.962671e-01,7.932549e-01,7.315025e-01,2.427670e-01,4.093422e-01
4.554071e-01,7.354890e-01,1.756855e-01,1.031494e-01,5.483084e-02,6.174876e-01,5.178072e-01,2.615436e-01
9.670778e-01,8.239932e-02,9.263749e-01,7.481895e-01,6.857957e-01,4.160863e-01,1.364641e-01,8.544903e-01
7.016279e-01,9.713283e-01,3.771297e-01,2.693757e-01,8.461072e-01,7.112278e-02,8.030176e-01,6.464910e-01
1.898501e-01,3.202194e-01,6.302002e-01,8.793246e-01,4.727072e-01,9.009106e-01,4.216745e-01,2.413794e-01
1.245090e-01,8.228505e-01,8.092520e-01,7.928983e-01,3.222987e-01,7.405429e-01,9.624882e-01,5.402420e-01
6.126740e-01,4.842423e-01,5.841804e-02,4.339259e-01,9.496308e-01,2.852050e-01,3.125889e-01,7.040646e-02
8.470420e-01,5.870310e-01,5.130773e-01,5.797320e-01,5.158874e-01,1.941305e-01,7.479256e-01,4.266610e-01
3.586479e-01,2.464402e-01,2.598624e-01,1.934809e-01,1.466079e-01,7.701035e-01,9.802631e-02,9.587823e-01
2.915807e-01,9.088511e-01,5.988912e-01,4.786911e-01,6.996546e-01,9.748912e-01,9.219769e-01,5.642366e-01
7.876424e-01,2.577425e-01,3.459426e-01,8.726372e-01,7.235312e-02,5.086429e-02,2.906323e-01,3.214519e-02
5.534271e-01,6.730279e-01,8.325618e-01,1.410171e-01,3.967215e-01,4.597898e-01,6.449470e-01,4.649223e-01
5.728935e-02,1.993657e-02,8.199470e-02,5.076764e-01,7.659704e-01,5.044518e-01,1.360238e-02,9.347878e-01
1.325582e-01,5.244926e-01,4.785531e-01,6.644152e-01,9.359112e-01,8.518970e-01,6.207915e-01,3.468022e-01
6.363632e-01,1.839025e-01,7.318904e-01,6.240434e-02,3.049157e-01,1.816847e-01,2.208937e-01,7.520048e-01
9.019657e-01,7.603281e-01,2.146053e-01,9.551573e-01,2.227292e-01,3.367211e-01,8.435308e-01,7.489766e-01
3.979625e-01,4.217187e-01,9.655609e-01,3.180471e-01,5.961598e-01,6.353199e-01,4.436330e-01,1.561208e-01
4.278816e-01,7.908050e-01,3.202789e-01,6.010424e-01,4.438434e-01,1.406002e-01,1.576328e-01,6.968013e-01
9.318583e-01,3.872555e-01,5.630276e-01,2.351579e-01,8.126004e-01,8.414522e-01,5.555851e-01,1.647180e-01
6.660428e-01,5.569426e-01,1.154771e-01,7.785623e-01,6.525365e-01,6.869021e-01,3.799903e-01,3.323590e-01
1.622037e-01,1.553166e-01,8.606067e-01,3.852766e-01,2.571936e-02,3.566871e-01,7.779427e-01,8.022174e-01
2.642780e-02,6.430264e-01,6.960348e-01,2.861550e-01,1.761012e-01,1.860850e-03,3.542482e-01,4.798638e-01
5.225238e-01,5.390165e-02,4.528814e-01,9.245578e-01,5.490397e-01,9.567715e-01,9.875536e-01,8.850592e-01
7.570127e-01,8.769012e-01,9.936140e-01,9.306756e-02,9.825430e-01,5.483286e-01,7.686713e-02,6.159164e-01
2.609322e-01,2.858509e-01,2.480795e-01,6.962566e-01,3.520320e-01,4.718063e-01,7.101724e-01,2.306879e-02
3.270437e-01,6.194041e-01,8.919160e-01,9.734129e-01,7.989853e-01,2.675735e-01,2.532226e-01,3.784921e-01
8.154109e-01,2.177789e-01,1.466639e-01,3.627806e-01,4.260773e-01,6.910511e-01,9.011763e-01,9.714316e-01
5.808306e-01,8.532827e-01,6.568403e-01,6.548408e-01,1.019490e-01,7.826082e-01,3.830927e-02,5.295440e-01
9.263098e-02,4.497320e-01,4.139700e-01,8.987574e-03,7.324294e-01,2.375190e-01,6.862630e-01,1.244405e-01
2.224655e-01,9.394240e-01,2.938850e-02,1.627967e-01,5.625154e-01,4.061299e-01,1.961926e-01,6.576702e-01
7.342010e-01,3.483740e-01,7.748012e-01,5.479077e-01,1.937280e-01,5.759150e-01,5.794965e-01,1.878427e-01
9.999248e-01,7.055654e-01,2.966944e-01,4.658085e-01,2.756669e-01,9.213649e-01,4.810218e-01,3.092343e-01
4.882348e-01,1.164389e-01,5.397256e-01,8.235111e-01,9.025145e-01,1.222167e-01,8.643257e-01,8.413485e-01
4.846447e-01,7.044079e-01,9.279281e-01,1.926824e-01,5.305707e-01,6.889499e-01,3.310873e-01,6.017047e-01
9.964339e-01,1.133583e-01,1.731557e-01,5.810092e-01,1.495714e-01,2.686775e-01,9.477911e-01,8.822737e-03
7.308618e-01,9.402758e-01,6.327912e-01,4.365473e-01,3.173887e-01,2.362320e-01,1.166945e-01,4.901997e-01
2.192101e-01,3.511498e-01,3.755154e-01,7.897829e-01,9.408155e-01,7.848929e-01,7.333982e-01,8.953685e-01
9.124667e-02,8.544198e-01,5.612425e-02,8.820686e-01,8.568146e-01,5.775236e-01,1.490593e-01,3.230072e-01
5.795302e-01,4.527950e-01,8.105692e-01,2.661377e-01,4.795093e-01,4.035587e-01,5.011131e-01,7.929075e-01
8.137758e-01,6.185718e-01,2.584841e-01,7.475136e-01,5.388144e-02,1.249719e-01,4.344051e-01,7.100288e-01
3.255078e-01,2.150215e-01,5.154322e-01,1.043041e-01,6.731266e-01,9.195737e-01,7.864590e-01,1.779646e-01
2.583186e-01,8.777984e-01,3.443283e-01,3.193339e-01,2.295923e-01,8.432440e-01,2.355279e-01,2.833878e-01
7.544984e-01,2.886731e-01,6.014821e-01,9.543683e-01,6.069282e-01,1.378460e-01,6.022302e-01,8.155440e-01
5.201610e-01,6.419466e-01,7.946482e-02,5.929466e-02,9.231811e-01,3.592591e-01,4.583453e-01,6.873923e-01
2.414895e-02,5.089583e-02,8.341151e-01,6.670424e-01,3.039053e-01,6.852940e-01,8.250477e-01,2.175840e-01
1.617960e-01,5.560336e-01,7.342452e-01,5.044441e-01,3.996240e-01,9.544872e-01,3.071452e-01,5.008213e-01
6.657191e-01,1.524835e-01,4.771748e-01,1.437668e-01,7.805926e-01,3.147874e-03,9.092005e-01,9.568347e-02
9.311998e-01,7.918977e-01,9.668782e-01,8.738014e-01,6.909004e-01,4.707025e-01,3.022020e-02,4.033390e-01
4.273222e-01,3.902712e-01,2.123115e-01,4.780248e-01,6.750414e-02,5.504302e-01,6.322755e-01,9.962519e-01
3.947376e-01,7.595082e-01,5.645871e-01,6.988785e-01,9.698128e-01,5.350961e-02,9.691124e-01,4.164470e-01
8.985958e-01,4.189186e-01,3.177429e-01,8.995169e-02,3.510216e-01,9.732327e-01,3.690178e-01,9.485951e-01
6.329028e-01,5.256171e-01,8.632038e-01,9.237598e-01,1.829643e-01,5.061721e-01,6.915615e-01,5.543318e-01
1.289376e-01,1.870083e-01,1.138565e-01,2.874318e-01,5.598081e-01,4.570841e-01,9.146695e-02,8.453051e-02
5.578394e-02,6.738350e-01,4.505976e-01,3.846002e-01,6.437822e-01,1.805018e-01,5.429251e-01,6.333855e-01
5.517615e-01,2.272689e-02,6.973420e-01,7.797174e-01,2.087041e-02,8.540395e-01,1.742773e-01,2.282548e-01
7.863726e-01,9.077383e-01,2.467111e-01,2.379014e-01,4.467460e-01,6.331165e-01,7.651472e-01,2.707734e-01
2.901660e-01,2.546475e-01,9.959589e-01,5.978049e-01,8.272226e-01,3.379654e-01,3.964994e-01,8.636781e-01
3.563997e-01,5.880789e-01,1.450434e-01,8.204009e-01,2.707569e-01,4.148425e-01,5.649119e-01,7.191324e-01
8.446488e-01,2.494704e-01,8.945131e-01,4.684361e-01,8.936992e-01,6.196911e-01,2.148188e-01,1.262576e-01
6.101902e-01,8.219861e-01,4.114339e-01,5.491939e-01,5.771986e-01,8.987682e-01,8.496629e-01,3.727706e-01
1.218649e-01,4.813948e-01,6.583999e-01,1.620083e-01,1.966916e-01,7.230599e-02,4.995698e-01,7.779312e-01
1.893213e-01,9.702609e-01,7.771460e-01,1.015223e-02,1.009996e-01,2.879113e-01,8.845909e-01,4.399533e-01
7.009389e-01,3.171709e-01,2.802024e-02,6.541739e-01,7.197603e-01,7.388234e-01,2.659417e-01,9.098455e-01
9.667846e-01,7.363737e-01,5.410329e-01,3.595488e-01,8.096927e-01,7.717628e-01,6.695727e-01,5.930813e-01
4.549689e-01,8.526436e-02,2.944106e-01,9.761621e-01,4.328793e-01,1.914858e-01,5.092348e-02,6.102420e-02
4.510251e-01,9.579342e-01,6.936917e-02,6.114713e-01,6.710593e-01,7.942759e-02,7.173411e-01,1.469943e-01
9.392323e-01,3.609955e-01,8.129493e-01,2.242398e-01,4.033854e-02,8.779653e-01,6.939550e-02,7.418527e-01
7.050483e-01,6.947454e-01,3.659672e-01,7.582295e-01,4.896480e-01,5.955189e-01,9.950900e-01,7.610703e-01
2.167040e-01,9.588303e-02,6.110741e-01,4.060968e-01,8.623157e-01,4.253677e-01,3.471444e-01,3.539870e-01
9.466915e-02,6.087112e-01,9.455676e-01,2.972105e-01,9.658473e-01,2.180604e-01,7.706484e-01,9.261572e-01
6.063821e-01,1.973477e-01,2.023912e-01,9.139916e-01,3.392476e-01,7.627835e-01,3.873517e-01,4.583096e-01
8.718921e-01,8.719105e-01,7.436922e-01,7.238472e-02,1.321238e-01,7.341995e-01,5.481665e-01,4.071481e-02
3.601641e-01,4.624725e-01,4.989893e-01,7.164522e-01,5.011591e-01,3.101114e-01,1.648698e-01,5.709102e-01
3.018631e-01,6.322076e-01,6.422650e-01,9.859179e-01,8.934781e-02,4.524621e-01,8.717350e-01,9.653950e-01
8.056794e-01,3.334458e-02,3.972801e-01,3.497882e-01,7.159170e-01,5.283742e-01,4.737898e-01,4.352916e-01
5.402610e-01,8.954107e-01,9.066363e-01,6.365841e-01,7.511658e-01,9.997902e-01,5.867857e-01,6.373284e-02
3.627668e-02,2.984731e-01,1.631783e-01,2.773350e-02,3.821610e-01,4.451315e-02,1.888406e-01,5.316724e-01
1.486318e-01,8.094336e-01,2.801800e-01,1.756822e-01,2.903472e-01,3.137682e-01,6.787201e-01,2.485033e-01
6.447046e-01,3.999953e-01,5.250053e-01,5.355095e-01,9.210984e-01,6.436169e-01,4.542290e-02,6.556175e-01
8.789801e-01,5.462485e-01,4.607840e-02,4.469557e-01,6.124139e-01,8.611706e-01,8.939978e-01,8.473055e-01
3.828612e-01,1.348866e-01,7.893765e-01,8.418746e-01,2.397158e-01,1.597083e-01,2.607006e-01,2.524781e-01
4.156845e-01,5.117206e-01,4.249015e-01,1.218791e-01,8.295340e-01,6.629729e-01,1.072726e-01,8.328323e-01
9.118298e-01,1.652986e-01,6.761631e-01,7.299472e-01,4.600447e-01,3.640079e-01,7.386243e-01,3.027207e-01
6.772789e-01,7.807907e-01,1.277534e-01,2.563671e-01,1.097582e-02,1.469445e-01,3.219550e-01,1.962980e-01
1.812401e-01,4.323879e-01,8.805416e-01,8.918440e-01,6.380370e-01,8.165464e-01,9.533067e-01,6.642447e-01
4.395872e-03,9.294327e-01,5.589105e-01,8.112780e-01,5.345322e-01,5.400241e-01,4.125469e-01,1.154437e-01
5.084219e-01,2.685292e-01,3.077944e-01,4.150589e-01,1.613495e-01,4.947517e-01,8.124528e-01,5.225650e-01
7.740552e-01,6.603806e-01,7.632891e-01,5.673499e-01,3.682252e-01,2.382972e-02,1.269718e-01,9.803675e-01
2.702578e-01,1.459761e-03,1.064625e-02,2.063522e-01,9.994686e-01,9.474905e-01,5.268777e-01,3.855319e-01
3.295105e-01,8.433138e-01,8.493509e-01,4.994970e-01,4.112798e-01,8.055614e-01,4.531189e-01,3.004776e-02
8.412653e-01,4.949107e-01,9.644036e-02,8.523206e-01,7.844320e-01,2.292221e-01,8.344701e-01,6.249133e-01
5.754796e-01,5.742579e-01,5.824759e-01,1.300847e-01,7.494313e-01,2.583001e-01,2.300116e-01,8.780193e-01
6.380127e-02,2.278375e-01,3.310925e-01,5.181215e-01,1.182185e-01,7.130278e-01,6.113628e-01,4.709278e-01
2.463465e-01,7.228429e-01,2.294553e-01,6.846250e-01,2.100055e-01,9.286932e-01,4.226990e-03,8.087309e-01
7.347331e-01,6.392132e-02,9.819762e-01,4.170534e-02,5.795254e-01,9.829516e-02,6.541334e-01,3.408752e-01
9.691313e-01,9.919092e-01,4.641074e-01,9.446053e-01,8.879693e-01,3.812317e-01,2.813810e-01,1.581435e-01
4.809434e-01,3.310068e-01,7.151014e-01,3.290864e-01,2.608775e-01,5.822667e-01,9.312874e-01,6.883461e-01
4.730248e-01,8.616665e-01,4.709698e-01,8.501513e-01,3.652985e-02,9.646803e-01,7.558520e-01,6.588731e-01
9.770470e-01,4.600708e-01,7.238487e-01,4.855522e-01,6.592283e-01,9.311724e-03,4.028291e-01,1.909257e-01
7.424361e-01,5.955785e-01,2.065936e-01,5.281020e-01,8.741625e-01,4.797969e-01,5.327463e-01,3.119973e-01
2.386425e-01,1.919982e-01,9.579476e-01,1.362166e-01,4.934115e-01,5.557395e-01,1.797235e-01,8.421083e-01
7.157101e-02,6.971664e-01,6.065045e-01,3.611935e-02,3.352248e-01,8.337837e-01,7.014942e-01,3.752775e-01
5.677126e-01,1.060849e-01,3.539543e-01,6.750751e-01,9.542294e-01,1.324131e-01,8.577462e-02,9.701125e-01
8.334060e-01,9.632649e-01,8.406036e-01,3.424861e-01,5.127308e-01,3.489444e-01,9.786461e-01,5.289119e-01
3.373710e-01,3.741699e-01,8.957797e-02,9.463431e-01,1.361614e-01,6.787626e-01,3.629265e-01,1.217899e-01
2.779637e-01,5.330407e-01,8.016385e-01,7.238767e-01,7.043448e-01,5.681855e-01,6.639126e-01,4.772747e-01
7.663464e-01,1.294597e-01,5.040659e-02,1.118371e-01,8.530964e-02,3.980038e-01,6.088840e-02,8.843656e-01
5.005005e-01,7.991430e-01,5.050358e-01,9.057282e-01,3.861833e-01,1.145351e-01,8.785972e-01,6.146588e-01
1.231641e-02,3.975485e-01,2.522789e-01,2.585969e-01,7.627832e-01,9.131643e-01,2.755729e-01,1.979271e-02
1.733855e-01,9.007878e-01,1.832690e-01,4.133816e-01,9.092521e-01,6.990209e-01,8.559066e-01,6.976226e-01
6.851365e-01,3.116927e-01,9.344163e-01,7.978177e-01,2.865842e-01,2.749634e-01,4.901884e-01,1.674194e-01
9.195948e-01,6.347037e-01,3.851412e-01,2.158405e-01,2.435250e-01,2.454486e-01,5.703298e-01,3.355036e-01
4.079203e-01,4.362390e-02,6.378138e-01,5.729974e-01,6.242454e-01,7.900802e-01,2.046117e-01,8.033587e-01
3.750618e-01,6.667041e-01,2.180570e-02,3.519529e-01,4.640632e-01,2.933428e-01,4.283771e-01,3.447105e-01
8.867786e-01,1.556398e-02,7.667590e-01,9.998658e-01,8.411552e-01,7.482841e-01,7.960560e-01,7.517942e-01
6.525326e-01,9.308610e-01,2.886832e-01,1.775595e-02,6.264610e-01,7.782929e-01,1.434257e-01,7.472244e-01
1.408009e-01,2.778011e-01,5.321118e-01,6.304475e-01,6.941492e-03,2.018010e-01,5.111046e-01,1.523665e-01
4.416370e-02,7.666366e-01,8.995298e-01,5.410924e-01,1.651548e-01,4.086772e-01,1.220782e-01,5.645635e-01
5.323747e-01,4.260761e-01,1.546752e-01,1.852369e-01,5.463674e-01,6.094985e-01,7.231569e-01,3.436842e-02
7.979468e-01,5.024980e-01,6.648826e-01,8.284794e-01,9.876184e-01,8.934574e-01,3.373576e-01,4.685641e-01
3.095987e-01,1.638591e-01,4.215528e-01,4.452150e-01,3.644660e-01,6.321200e-02,9.384363e-01,9.364121e-01
3.679892e-01,9.933839e-01,6.884208e-01,2.303149e-01,7.962826e-01,1.742145e-01,2.007586e-02,5.419270e-01
8.640659e-01,3.403238e-01,4.448704e-01,6.215103e-01,4.150395e-01,8.439689e-01,6.377562e-01,7.398778e-02
5.985855e-01,7.292415e-01,9.855721e-01,3.922096e-01,1.144136e-01,6.279278e-01,2.978231e-01,4.289448e-01
1.024628e-01,7.810302e-02,2.404964e-01,7.560043e-01,7.375965e-01,3.287493e-01,9.155034e-01,9.590486e-01
2.089667e-01,5.649602e-01,3.278619e-01,9.156718e-01,5.911009e-01,5.906308e-02,4.679135e-01,2.578498e-01
7.127868e-01,2.263205e-01,5.710696e-01,3.106662e-01,2.140394e-01,9.825713e-01,8.189908e-01,8.526776e-01
9.471241e-01,8.291132e-01,1.234881e-01,7.069591e-01,2.568586e-01,5.125801e-01,2.454337e-01,6.463410e-01
4.431360e-01,4.885538e-01,8.682207e-01,6.674024e-02,8.763476e-01,4.675213e-01,5.965110e-01,2.392272e-01
4.628894e-01,6.170818e-01,5.190414e-01,4.549751e-01,1.455682e-01,3.242045e-01,1.332709e-01,8.990275e-02
9.588631e-01,2.056892e-01,2.695424e-01,8.187241e-01,5.189647e-01,6.500259e-01,5.175519e-01,5.597034e-01
6.932301e-01,8.480365e-01,7.839021e-01,1.676551e-01,9.524067e-01,8.705082e-01,4.180236e-01,9.393191e-01
1.970273e-01,4.386285e-01,3.690444e-02,5.586827e-01,3.214383e-01,1.652628e-01,8.023045e-01,4.071704e-01
1.141009e-01,9.495583e-01,4.025497e-01,6.441324e-01,4.757192e-01,4.432451e-01,3.162322e-01,8.739332e-01
6.179553e-01,3.526515e-01,6.516438e-01,4.081462e-03,8.449946e-01,5.231864e-01,9.632089e-01,2.810278e-01
8.525063e-01,7.186237e-01,1.699117e-01,9.783925e-01,6.849920e-01,9.897187e-01,1.012118e-01,2.219085e-01
3.485449e-01,1.197305e-01,9.165046e-01,3.734327e-01,5.765592e-02,3.822678e-02,7.481885e-01,6.270386e-01
2.824620e-01,7.855590e-01,1.932174e-01,8.040233e-02,5.950623e-01,2.089654e-01,2.913765e-01,7.715849e-01
7.940757e-01,3.761517e-01,9.400929e-01,6.932923e-01,2.258173e-01,7.574737e-01,9.256579e-01,3.664237e-01
5.596772e-01,5.546206e-01,4.883515e-01,2.891701e-01,3.076949e-01,7.240059e-01,1.382774e-02,1.365126e-01
4.786531e-02,1.432268e-01,7.377285e-01,9.371593e-01,9.350006e-01,3.039471e-01,6.481091e-01,7.293869e-01
1.367979e-01,6.560854e-01,8.228174e-01,7.657720e-01,7.690018e-01,8.974180e-02,2.206608e-01,5.174824e-02
6.250433e-01,5.719237e-02,7.610268e-02,3.824313e-01,3.955749e-01,8.844963e-01,6.176370e-01,5.838048e-01
8.908290e-01,8.870363e-01,6.204531e-01,6.039362e-01,7.150786e-02,6.049786e-01,4.428813e-01,9.152177e-01
4.025075e-01,2.901279e-01,3.712366e-01,2.478823e-01,7.025068e-01,4.308001e-01,8.398575e-01,4.453249e-01
4.351159e-01,9.209309e-01,9.760066e-01,9.678244e-01,3.548150e-01,9.338814e-01,5.577941e-01,9.046446e-01
9.234032e-01,2.600592e-01,2.188234e-01,3.210135e-01,9.816286e-01,1.075108e-01,1.588723e-01,4.994762e-01
6.578930e-01,6.841408e-01,7.096212e-01,6.613982e-01,5.479460e-01,3.875186e-01,7.806094e-01,3.450615e-03
1.696212e-01,2.518888e-02,4.549392e-01,4.980105e-02,1.791855e-01,5.923368e-01,3.816877e-01,5.963329e-01
1.626001e-02,5.202247e-01,1.017004e-01,1.538054e-01,2.487791e-02,7.991529e-01,9.848792e-01,1.843110e-01
5.280530e-01,1.737735e-01,8.587392e-01,5.105198e-01,6.553848e-01,2.187844e-01,3.525586e-01,7.163756e-01
7.622366e-01,7.570274e-01,3.378163e-01,4.757992e-01,8.156356e-01,2.527462e-01,7.079559e-01,7.826526e-01
2.505812e-01,4.086545e-01,5.923537e-01,8.599148e-01,4.426930e-01,7.036887e-01,7.563523e-02,3.127527e-01
3.176770e-01,7.466024e-01,2.986264e-01,5.905634e-01,9.052866e-01,5.334936e-01,8.994480e-01,2.073290e-01
8.216039e-01,8.765078e-02,5.534301e-01,1.982660e-01,2.748103e-01,4.844361e-01,2.505258e-01,6.771378e-01
5.873286e-01,9.834089e-01,1.412444e-05,7.880418e-01,1.926845e-01,1.839782e-02,6.850535e-01,8.218904e-01
8.344726e-02,3.225356e-01,7.573197e-01,4.231528e-01,5.655965e-01,9.380294e-01,3.613126e-02,2.897346e-01
2.269455e-01,8.195498e-01,6.860407e-01,2.800858e-01,7.316220e-01,6.682831e-01,5.806983e-01,9.908798e-01
7.231290e-01,4.711777e-01,4.316255e-01,8.842327e-01,1.047779e-01,3.731014e-01,1.983782e-01,3.979673e-01
9.885478e-01,5.827635e-01,8.899301e-01,9.816779e-02,4.290854e-01,1.531093e-01,8.660463e-01,1.049596e-01
4.925319e-01,2.363112e-01,1.330133e-01,7.375355e-01,7.978765e-01,8.267385e-01,4.837262e-01,5.100977e-01
4.965581e-01,8.945250e-01,6.718448e-01,5.841450e-02,4.988679e-01,4.271235e-01,6.754778e-01,6.432322e-01
9.847646e-01,3.034444e-01,4.145715e-01,6.683792e-01,8.678725e-01,6.006011e-01,4.120353e-02,2.378192e-01
7.190859e-01,6.254644e-01,9.044828e-01,3.140632e-01,6.607489e-01,8.806347e-01,8.982172e-01,2.651095e-01
2.307418e-01,3.636843e-02,1.497107e-01,9.591191e-01,3.417949e-02,8.554549e-02,2.639429e-01,8.577472e-01
7.940983e-02,5.393184e-01,2.819309e-01,8.687876e-01,1.376724e-01,3.078673e-01,8.672867e-01,4.221662e-01
5.911230e-01,1.377236e-01,5.388756e-01,4.825208e-01,5.103709e-01,7.276524e-01,4.703186e-01,9.544745e-01
8.256282e-01,8.083685e-01,1.707006e-02,5.038290e-01,9.596801e-01,7.615789e-01,5.902569e-01,5.445556e-01
3.138995e-01,4.047872e-01,7.715137e-01,1.448408e-01,3.289291e-01,2.124308e-01,1.932888e-01,7.489933e-02
2.546221e-01,6.879406e-01,1.185200e-01,4.300575e-01,7.602574e-01,4.233004e-02,7.671768e-01,4.616637e-01
7.584390e-01,9.884635e-02,8.731697e-01,7.967316e-01,3.875896e-01,9.931820e-01,3.829040e-01,9.312278e-01
5.240253e-01,9.569870e-01,3.208843e-01,1.896065e-01,7.890532e-02,5.271085e-01,5.526143e-01,5.678023e-01
2.004069e-02,3.659062e-01,5.780358e-01,5.835673e-01,7.096258e-01,4.468935e-01,1.683415e-01,3.540185e-02
1.655991e-01,8.709060e-01,9.903226e-01,7.442114e-01,6.178506e-01,1.614032e-01,7.131223e-01,7.444820e-01
6.616718e-01,4.673260e-01,2.357573e-01,1.070864e-01,2.488155e-01,8.663138e-01,6.615269e-02,1.518132e-01
9.274422e-01,6.018417e-01,6.951887e-01,8.753443e-01,2.840641e-01,6.463474e-01,9.983328e-01,3.511156e-01
4.313240e-01,2.002462e-01,4.381216e-01,2.733187e-01,9.106641e-01,3.198252e-01,3.513633e-01,7.564974e-01
3.984721e-01,5.733130e-01,8.397589e-01,5.519766e-01,5.352190e-04,8.153417e-01,8.774064e-04,3.290983e-01
8.946172e-01,2.327534e-01,9.041118e-02,1.587057e-01,6.317478e-01,1.413148e-01,6.498077e-01,7.986553e-01
6.290613e-01,8.365076e-01,6.036432e-01,8.275817e-01,8.386237e-01,3.617638e-01,2.857067e-01,7.003653e-01
1.330232e-01,4.978678e-01,3.567965e-01,4.617120e-01,4.654714e-01,6.564257e-01,9.346370e-01,1.679730e-01
5.188142e-02,9.850458e-01,2.076556e-01,3.664977e-01,3.619441e-01,9.501600e-01,4.485338e-01,6.114198e-01
5.559082e-01,3.339067e-01,9.569047e-01,9.696720e-01,9.890360e-01,2.994767e-02,8.308611e-01,1.875903e-02
7.900460e-01,7.218332e-01,4.740410e-01,1.271020e-02,5.399669e-01,4.965076e-01,2.336206e-01,4.841754e-01
2.862483e-01,6.877243e-02,7.207889e-01,6.510982e-01,1.704473e-01,5.451064e-01,6.159479e-01,8.895501e-01
3.445246e-01,7.740451e-01,3.879876e-01,9.282557e-01,7.391190e-01,7.157583e-01,4.089383e-01,5.262835e-01
8.562797e-01,4.354065e-01,6.349559e-01,2.824182e-01,1.120575e-01,2.643570e-01,8.078672e-01,1.208786e-01
6.219892e-01,5.108363e-01,1.840980e-01,6.999528e-01,4.205016e-01,2.309169e-01,1.315573e-01,3.820558e-01
1.103101e-01,1.702760e-01,9.335682e-01,8.933624e-02,7.899907e-01,8.107047e-01,5.304862e-01,9.746864e-01
2.010592e-01,6.593094e-01,5.019797e-01,2.392381e-01,8.818002e-01,5.810011e-01,1.029465e-01,3.047378e-01
6.894450e-01,6.250297e-03,2.553541e-01,5.969249e-01,2.505571e-01,3.756631e-01,7.352752e-01,8.370389e-01
9.548485e-01,9.225078e-01,8.005919e-01,3.893513e-01,2.155562e-01,9.611213e-02,3.253041e-01,6.619817e-01
4.666608e-01,2.713685e-01,5.146463e-02,7.744465e-01,5.887390e-01,9.220851e-01,9.576329e-01,1.923335e-01
4.393560e-01,6.467386e-01,3.425385e-01,6.374285e-01,3.268470e-01,7.865858e-01,3.107541e-01,1.055131e-01
9.511455e-01,4.983082e-02,5.876430e-01,2.636942e-02,9.461224e-01,2.413735e-01,9.137855e-01,5.128404e-01
7.165803e-01,8.806354e-01,1.084395e-01,9.911605e-01,5.204948e-01,2.714099e-01,2.563522e-02,9.861763e-01
2.049280e-01,2.817430e-01,8.520192e-01,3.450026e-01,1.431587e-01,6.950087e-01,6.286666e-01,3.915620e-01
1.062621e-01,7.949216e-01,7.046204e-01,4.519366e-01,5.919554e-02,9.173925e-01,2.398534e-01,8.270750e-01
5.945449e-01,3.835280e-01,4.599209e-01,8.373523e-01,6.825921e-01,1.183656e-01,6.055797e-01,2.966353e-01
8.602841e-01,5.610049e-01,9.689968e-01,1.762722e-01,8.504091e-01,4.022911e-01,4.549959e-01,2.062953e-01
3.720163e-01,1.515978e-01,2.258218e-01,5.344015e-01,4.694406e-01,5.719531e-01,8.207221e-01,6.738987e-01
3.058036e-01,9.431743e-01,8.832062e-01,7.646940e-01,9.325225e-01,6.830519e-01,1.524082e-01,7.872265e-01
8.019830e-01,3.442803e-01,1.397487e-01,3.991143e-01,3.090955e-01,3.527139e-01,5.054392e-01,3.195310e-01
5.361524e-01,7.092614e-01,6.813339e-01,6.145143e-01,2.194035e-01,1.366394e-01,4.300791e-01,1.833997e-01
4.014106e-02,1.123539e-01,4.363514e-01,2.216554e-01,6.004024e-01,8.376124e-01,7.831100e-01,7.137472e-01
1.445843e-01,6.234825e-01,7.009024e-03,7.565890e-02,6.960834e-01,5.521840e-01,3.356728e-01,4.858338e-03
6.485081e-01,2.140743e-01,7.503057e-01,7.136349e-01,7.683845e-02,4.757828e-01,9.513995e-01,5.994416e-01
8.829816e-01,8.573831e-01,3.036115e-01,3.038990e-01,3.930910e-01,5.819225e-03,1.130861e-01,8.995752e-01
3.791038e-01,4.459903e-01,5.484335e-01,9.067834e-01,7.703967e-01,9.606070e-01,7.288128e-01,4.922167e-01
4.117056e-01,8.268372e-01,1.668234e-01,1.272672e-01,1.727735e-01,4.558166e-01,8.880620e-01,9.202873e-01
9.155645e-01,4.803851e-01,9.196119e-01,5.213959e-01,5.532805e-01,5.006016e-01,2.703898e-01,4.525846e-01
6.813643e-01,5.909788e-01,4.014704e-01,4.922891e-01,9.791562e-01,9.710515e-01,6.651246e-01,5.034028e-02
1.773988e-01,2.426070e-01,6.527345e-01,8.590089e-01,3.562136e-01,4.690341e-02,4.745241e-02,5.806959e-01
8.542323e-03,7.393308e-01,7.867196e-01,9.376226e-01,4.402111e-01,3.406977e-01,5.691311e-01,1.374242e-01
5.045196e-01,7.845822e-02,3.407543e-02,3.355512e-01,8.170247e-01,6.391753e-01,2.180610e-01,7.320155e-01
7.701374e-01,9.751769e-01,5.198421e-01,6.820409e-01,6.489671e-01,8.557323e-01,8.464207e-01,7.670108e-01
2.739315e-01,3.162260e-01,2.687226e-01,4.474807e-02,3.020665e-02,1.856432e-01,4.953505e-01,3.596452e-01
3.411416e-01,5.284565e-01,6.215472e-01,2.518451e-01,5.671248e-01,7.497738e-02,5.461678e-01,2.229420e-01
8.293901e-01,1.800834e-01,3.701615e-01,8.968246e-01,1.902807e-01,9.048881e-01,1.784961e-01,6.302774e-01
5.639250e-01,7.642988e-01,8.259213e-01,1.207710e-01,2.802132e-01,6.214451e-01,7.609285e-01,8.687489e-01
7.560000e-02,4.178474e-01,7.301021e-02,7.305373e-01,8.990043e-01,4.199228e-01,3.932568e-01,2.741274e-01
2.348530e-01,9.127158e-01,4.875356e-01,5.659861e-01,8.032890e-01,1.902793e-01,9.735600e-01,9.440223e-01
7.464708e-01,2.537632e-01,7.385329e-01,2.071963e-01,4.228126e-01,7.661312e-01,3.724894e-01,4.135755e-01
9.808234e-01,6.768536e-01,1.903845e-01,8.064922e-01,1.063118e-01,7.365812e-01,6.880899e-01,8.934945e-02
4.690070e-01,1.598131e-02,9.429068e-01,4.203016e-01,7.292239e-01,2.813661e-01,8.701932e-02,5.569609e-01
4.769271e-01,5.478159e-01,2.456635e-01,8.985044e-01,9.423324e-01,1.718404e-01,2.239035e-01,5.860660e-01
9.729006e-01,1.461901e-01,9.970180e-01,2.653012e-01,3.150270e-01,8.727218e-01,6.218558e-01,5.571073e-02
7.387624e-01,7.846117e-01,4.475388e-01,7.210438e-01,1.550241e-01,6.556861e-01,4.386625e-01,4.433060e-01
2.425603e-01,3.810624e-01,7.004200e-01,1.151269e-01,5.242693e-01,3.253786e-01,8.366148e-01,9.110091e-01
6.783633e-02,8.860318e-01,8.640342e-01,2.132719e-01,6.785889e-01,3.311396e-02,2.958241e-01,3.698981e-01
5.716914e-01,2.949813e-01,1.130071e-01,5.760247e-01,4.758961e-02,9.879933e-01,9.291294e-01,7.772640e-01
8.372472e-01,6.492158e-01,5.674360e-01,4.064149e-01,4.810318e-01,5.170380e-01,1.035617e-02,7.256666e-01
3.332855e-01,6.009083e-02,3.148825e-01,8.042665e-01,8.544587e-01,4.406061e-01,6.436615e-01,1.310756e-01
2.662259e-01,8.471508e-01,5.441071e-01,5.269794e-01,2.975047e-01,2.987733e-01,3.197033e-01,2.677785e-01
7.778399e-01,4.435998e-01,2.913478e-01,1.368213e-01,9.284734e-01,7.223417e-01,9.676570e-01,8.624003e-01
5.124369e-01,6.103386e-01,7.782088e-01,8.456142e-01,6.044061e-01,7.513863e-01,9.676368e-02,6.405303e-01
6.242869e-04,2.087131e-01,2.697650e-02,4.905478e-01,2.310099e-01,2.062655e-01,7.447174e-01,2.331952e-01
1.852607e-01,7.116936e-01,4.085694e-01,3.377154e-01,6.497252e-02,4.374387e-01,1.374902e-01,5.476824e-01
6.735054e-01,1.225674e-01,6.612453e-01,9.515708e-01,6.923085e-01,6.071311e-01,5.207941e-01,8.007123e-02
9.077961e-01,9.484933e-01,1.441982e-01,3.477011e-02,7.741863e-01,8.900954e-01,4.147814e-01,4.189455e-01
4.194749e-01,3.574435e-01,8.953469e-01,6.759047e-01,4.049106e-01,9.097692e-02,7.980853e-01,9.493927e-01
3.868990e-01,9.766633e-01,2.652545e-01,3.974376e-01,5.572880e-01,5.861884e-01,5.840473e-01,4.008407e-01
8.751856e-01,3.255542e-01,5.086808e-01,7.512332e-01,1.843761e-01,3.848797e-01,2.027042e-01,9.954545e-01
6.406804e-01,7.457182e-01,6.087611e-02,2.311443e-01,3.446267e-01,1.023980e-01,8.617203e-01,5.074705e-01
1.524089e-01,9.262824e-02,8.058288e-01,6.201613e-01,9.751033e-01,9.321561e-01,4.803772e-01,1.001425e-01
3.225058e-02,5.816923e-01,6.258108e-01,7.075640e-01,8.208181e-01,7.093489e-01,9.040334e-01,6.802477e-01
5.440438e-01,2.411017e-01,3.824843e-01,6.561732e-02,4.520269e-01,2.539202e-01,2.541342e-01,2.126438e-01
8.097229e-01,8.126250e-01,9.229589e-01,9.206672e-01,1.834457e-02,2.253620e-01,6.814451e-01,2.863825e-01
2.980667e-01,4.740170e-01,1.781058e-01,3.061293e-01,6.451883e-01,8.013665e-01,3.154584e-02,8.168216e-01
3.641858e-01,6.831959e-01,9.621420e-01,2.078300e-02,2.021423e-01,9.436285e-01,9.884881e-01,7.034944e-01
8.681134e-01,3.010484e-02,2.170668e-01,6.278790e-01,5.709030e-01,1.963299e-02,3.571436e-01,1.731463e-01
6.023430e-01,9.141248e-01,7.274897e-01,3.584020e-01,8.952104e-01,4.910747e-01,7.033709e-01,3.258800e-01
9.846139e-02,2.630164e-01,4.839418e-01,9.928987e-01,2.683970e-01,5.356462e-01,7.202636e-02,7.935750e-01
2.126630e-01,7.501640e-01,8.441862e-02,8.351835e-01,4.344001e-01,8.206511e-01,5.621196e-01,4.868468e-01
7.088463e-01,4.115544e-01,8.291499e-01,4.379913e-01,8.073424e-01,1.504093e-01,1.622218e-01,8.942047e-01
9.432597e-01,5.192150e-01,3.512935e-01,5.443825e-01,7.252168e-01,3.679276e-01,7.772599e-01,6.087203e-01
4.472446e-01,1.786246e-01,5.944978e-01,1.824036e-01,9.470974e-02,6.666188e-01,3.773621e-01,1.413644e-02
4.587426e-01,8.020415e-01,7.604572e-01,2.963659e-01,8.638497e-01,5.623762e-01,8.522981e-01,1.626025e-01
9.627656e-01,3.906790e-01,1.345905e-02,9.304202e-01,4.872501e-01,4.819476e-01,4.856029e-01,6.949952e-01
6.971477e-01,5.378942e-01,5.580974e-01,8.319955e-02,4.575121e-02,1.491273e-02,5.749154e-01,8.079335e-01
1.933539e-01,1.284552e-01,3.085961e-01,6.899752e-01,6.647865e-01,9.659173e-01,2.082202e-01,3.383769e-01
1.180795e-01,6.396144e-01,1.308560e-01,6.064796e-01,5.065622e-01,6.735907e-01,6.595865e-01,8.792969e-01
6.142208e-01,4.267666e-02,8.774504e-01,2.448211e-01,1.258415e-01,3.472820e-01,5.753927e-02,4.739225e-01
8.484207e-01,9.037512e-01,4.259932e-01,7.727059e-01,3.407759e-01,1.263238e-01,8.819463e-01,2.510757e-02
3.523864e-01,3.048879e-01,6.750906e-01,3.759562e-01,9.634436e-01,8.310819e-01,2.798991e-01,6.177686e-01
2.939558e-01,6.003705e-01,4.649051e-01,1.687449e-01,3.757432e-01,9.080534e-01,6.981446e-01,9.810350e-01
7.823378e-01,1.909332e-01,7.142846e-01,5.580518e-01,7.564944e-01,1.128116e-01,8.144892e-02,3.884047e-01
5.479852e-01,8.645034e-01,2.322721e-01,4.594869e-01,7.134349e-01,3.918534e-01,9.829717e-01,1.106254e-01
5.980137e-02,4.531407e-01,9.791480e-01,8.136946e-01,9.073680e-02,5.655446e-01,3.662761e-01,5.160306e-01
1.251671e-01,9.662887e-01,5.813999e-01,9.831276e-01,2.372433e-01,7.966559e-01,7.512668e-01,2.016117e-01
6.369184e-01,3.674267e-01,3.321800e-01,3.681778e-01,6.138125e-01,2.476603e-01,3.992201e-01,6.712602e-01
9.023837e-01,7.021376e-01,8.462632e-01,6.454536e-01,9.146864e-01,2.806255e-01,5.363553e-01,8.316685e-01
3.907085e-01,1.051992e-01,9.954713e-02,3.216986e-03,2.956815e-01,7.001970e-01,1.843086e-01,2.993677e-01
4.235231e-01,7.320808e-01,7.486749e-01,7.827867e-01,6.355532e-01,1.957116e-01,4.644418e-01,8.484691e-01
9.352400e-01,7.117816e-02,4.939952e-01,4.278881e-01,1.237048e-02,7.755910e-01,8.145430e-01,2.558308e-01
6.695013e-01,9.981745e-01,9.525612e-01,5.896992e-01,4.536212e-01,7.431121e-01,2.498815e-01,2.431898e-01
1.577688e-01,3.392526e-01,1.953785e-01,1.995869e-01,8.348645e-01,2.916803e-01,5.999827e-01,6.486022e-01
2.792927e-02,8.340907e-01,3.612631e-01,9.753667e-02,9.930545e-01,6.881306e-02,1.585700e-02,6.855091e-02
5.161396e-01,4.876696e-01,6.157972e-01,7.386255e-01,3.735652e-01,8.946945e-01,6.345134e-01,5.382066e-01
7.507049e-01,5.679788e-01,6.264630e-02,2.750566e-01,1.588713e-01,6.161353e-01,3.010659e-01,9.647279e-01
2.623570e-01,2.195749e-01,8.196836e-01,8.887442e-01,5.359326e-01,4.108279e-01,9.197223e-01,4.324190e-01
3.217243e-01,9.357121e-01,3.906920e-02,6.583373e-01,1.236330e-01,3.344113e-01,1.188359e-01,4.565524e-02
8.178007e-01,2.767914e-01,7.963743e-01,5.234417e-02,7.431528e-01,6.291038e-01,7.189376e-01,5.780551e-01
5.833268e-01,6.696040e-01,2.751825e-01,9.613491e-01,7.859717e-01,8.505446e-01,3.415769e-01,9.248794e-01
8.720483e-02,8.700615e-03,5.299838e-01,3.279476e-01,4.088799e-01,1.764261e-01,9.416786e-01,4.553146e-01
2.230049e-01,5.054551e-01,9.133746e-01,4.690603e-01,2.624078e-01,4.613710e-01,4.239289e-01,7.618680e-01
7.268256e-01,1.570530e-01,1.564592e-01,8.671103e-01,8.855599e-01,5.099393e-01,7.925848e-01,3.564855e-01
9.926561e-01,7.715526e-01,6.469842e-01,1.504882e-01,5.849342e-01,9.774605e-01,1.468970e-01,1.425351e-01
4.886677e-01,4.251312e-01,3.925723e-01,5.133172e-01,2.037214e-01,5.733973e-02,5.155528e-01,7.352033e-01
